Region,Sex,Age,Date,CumEpi,CumExc,CumPos,Exposure
Midwest,f,0,2020-03-15,14.591019667416301,78.75421262848181,92.74349204660446,1482991.900775119
Midwest,f,0,2020-04-15,38.40729477832153,157.2776891502334,194.09773618078438,2965626.117228143
Midwest,f,0,2020-05-15,134.1502182385226,285.52418693627493,346.8003221793253,4447896.845593853
Midwest,f,0,2020-06-15,206.24438926043052,470.88533702456573,536.5722589892763,5929799.61354984
Midwest,f,0,2020-07-15,352.41633544625046,644.1264069295253,722.0581719386469,7411331.280216507
Midwest,f,0,2020-08-15,500.75513806281134,825.1199464162818,911.8872374360453,8892489.992257895
Midwest,f,0,2020-09-15,513.324942343472,925.5134934612588,1018.115937352574,10373275.008284995
Midwest,f,0,2020-10-15,618.5241628722431,1084.5299668731718,1185.3210886176291,11853686.654956577
Midwest,f,0,2020-11-15,692.1127084628721,1230.973604725005,1338.2937946178429,13333726.326979192
Midwest,f,0,2020-12-15,766.6168521437413,1368.359656382953,1482.8639164656122,14813396.487107165
Midwest,f,0,2021-01-15,866.0988625147812,1527.056238674699,1641.5604987573583,16292700.6661426
Midwest,f,0,2021-02-15,866.0988625147812,1517.3940097723614,1662.373496026288,17771643.46293538
Midwest,f,0,2021-03-15,911.9359097144483,1643.7663644745508,1815.9900429831255,19250230.544383172
Midwest,f,0,2021-04-15,967.5848966111805,1740.7603771710806,1932.3512395099085,20728468.645431407
Midwest,f,40,2020-03-15,99.59452410619258,324.5425089861155,324.5425089861155,912045.032017306
Midwest,f,40,2020-04-15,704.5309536012248,1040.4537904350307,1044.3366756214964,1823831.2385226334
Midwest,f,40,2020-05-15,1400.5175728190504,1780.3512873936224,1785.614198202008,2735364.1019919324
Midwest,f,40,2020-06-15,1688.7407989222438,2199.6631623717662,2205.27540240361,3646649.3653615466
Midwest,f,40,2020-07-15,2142.9424375389135,2805.0088105345612,2810.621050566405,4557693.032028215
Midwest,f,40,2020-08-15,2603.77762709529,3318.214657665857,3330.365130472162,5468500.959360591
Midwest,f,40,2020-09-15,2746.830456734011,3597.374889699753,3629.0419926176887,6379077.232745321
Midwest,f,40,2020-10-15,3151.261330779536,4163.80126803294,4195.468370950876,7289423.7590985615
Midwest,f,40,2020-11-15,4118.6132325259205,5151.764079918297,5183.431182836233,8199540.266865988
Midwest,f,40,2020-12-15,5700.934571669403,6747.550443994375,6779.217546912311,9109424.306022784
Midwest,f,40,2021-01-15,6667.015490734274,7739.295966310699,7770.9630692286355,10019071.248073647
Midwest,f,40,2021-02-15,6702.7474870528085,7915.0772566202595,7963.8929918633985,10928474.286052791
Midwest,f,40,2021-03-15,6885.436770738981,8239.78765028429,8290.581065963686,11837624.434523936
Midwest,f,40,2021-04-15,7361.490559859531,8711.056604725225,8790.7908994842,12746510.529580325
Midwest,f,65,2020-03-15,196.9790413170142,192.76995174759207,272.23039171123077,284765.37338815694
Midwest,f,65,2020-04-15,1023.6121651557722,1086.8405304467517,1183.2668059280895,570377.4921146041
Midwest,f,65,2020-05-15,1584.0199833387674,1767.43997492609,1864.2381748872149,856835.5384189031
Midwest,f,65,2020-06-15,1844.5059753796172,2044.4287032678544,2169.3074535603287,1144136.9574959443
Midwest,f,65,2020-07-15,2109.8576640641554,2484.192086295731,2612.7267689538903,1432277.4574959457
Midwest,f,65,2020-08-15,2345.2431978534937,2912.2091978588646,3040.743880517024,1721250.7730241462
Midwest,f,65,2020-09-15,2632.532545569569,3396.8619986748067,3525.396681332966,2011047.719139573
Midwest,f,65,2020-10-15,3401.5568850279246,4234.625363311565,4363.160045969725,2301655.9548547347
Midwest,f,65,2020-11-15,4919.8795257821375,5752.948004065778,5881.482686723937,2593059.98313562
Midwest,f,65,2020-12-15,7158.469034478795,7991.537512762436,8120.072195420595,2885241.1509016994
Midwest,f,65,2021-01-15,8316.931538485182,9235.432141467183,9363.966824125342,3178177.649025924
Midwest,f,65,2021-02-15,8424.924237200617,9252.023052965018,9548.011828762556,3471844.5123347254
Midwest,f,65,2021-03-15,8424.924237200617,9371.670869849893,9709.750992567717,3766213.619608016
Midwest,f,65,2021-04-15,8608.468765272572,9585.111325376838,9989.081379833122,4061253.69357919
Midwest,f,75,2020-03-15,313.6399857136254,414.98326342547034,451.50292771286115,156452.5136172465
Midwest,f,75,2020-04-15,1418.8813913014742,1524.917765052262,1615.9691232132338,313108.2248193838
Midwest,f,75,2020-05-15,2302.264571428491,2493.240387306614,2587.7818982417552,469964.8065926348
Midwest,f,75,2020-06-15,2479.3162834252366,2667.855774843257,2847.729376375137,627020.8881213513
Midwest,f,75,2020-07-15,2895.4768574144678,3264.8364395467156,3449.8072987265878,784276.054788014
Midwest,f,75,2020-08-15,3671.211810426205,4101.615757795229,4286.586616975101,941731.3718108054
Midwest,f,75,2020-09-15,4142.02123731408,4685.430117760808,4870.40097694068,1099391.4787939
Midwest,f,75,2020-10-15,5475.571630468954,6018.980510915682,6203.951370095554,1257265.1133650374
Midwest,f,75,2020-11-15,8259.612117942788,8803.020998389515,8987.991857569388,1415365.1111755222
Midwest,f,75,2020-12-15,11717.614724231364,12280.349452340928,12465.3203115208,1573708.4059002234
Midwest,f,75,2021-01-15,13172.326989317447,13821.845966341454,14015.44085338584,1732316.0292375756
Midwest,f,75,2021-02-15,13172.326989317447,13559.88034068393,14059.864456322957,1891213.1109095777
Midwest,f,75,2021-03-15,13172.326989317447,13410.533301753128,14099.50748609448,2050428.8786617937
Midwest,f,75,2021-04-15,13264.721509566056,13158.929100249443,14196.445988735164,2209996.6582633527
Midwest,f,85,2020-03-15,143.79347506213207,281.1929330531836,419.31537433687686,91149.5890097465
Midwest,f,85,2020-04-15,2465.758393643673,2558.302589290208,2778.196957752687,182354.64585127376
Midwest,f,85,2020-05-15,4442.562250504622,4618.301782176812,4838.196150639291,273615.9934706406
Midwest,f,85,2020-06-15,4718.703219393967,4870.663534956886,5214.709706342019,364933.9542065646
Midwest,f,85,2020-07-15,5030.43759686765,5436.315977660542,5809.10031431697,456308.34979042143
Midwest,f,85,2020-08-15,6068.878479754416,6703.357066414614,7076.141403071043,547738.5963221036
Midwest,f,85,2020-09-15,6527.9701211710735,7543.314507998123,7920.554254866223,639224.0841734505
Midwest,f,85,2020-10-15,8759.760886164184,9775.105272991234,10152.345019859335,730764.2729641068
Midwest,f,85,2020-11-15,13279.334752612416,14294.679139439466,14671.918886307565,822358.691561522
Midwest,f,85,2020-12-15,19016.122436466118,20031.46682329317,20408.70657016127,914006.938080951
Midwest,f,85,2021-01-15,21127.830030849254,22253.597576568078,22680.323352647265,1005708.6798854533
Midwest,f,85,2021-02-15,21127.830030849254,20771.41729986386,22680.323352647265,1097463.653585894
Midwest,f,85,2021-03-15,21127.830030849254,19305.988159523797,22680.323352647265,1189271.6650409426
Midwest,f,85,2021-04-15,21127.830030849254,18068.770753457586,22680.323352647265,1281132.5893570744
Midwest,m,0,2020-03-15,135.25355231425286,222.1296667566815,232.27869207380172,1551393.17494739
Midwest,m,0,2020-04-15,459.12356653205285,567.6773350299055,587.7053132437376,3102452.9938193443
Midwest,m,0,2020-05-15,1095.298920462025,1247.1104207487735,1267.1383989626054,4653172.853407899
Midwest,m,0,2020-06-15,1620.2236561955842,1806.0763431924363,1826.1043214062684,6203547.492655624
Midwest,m,0,2020-07-15,2214.590073808765,2428.582255329437,2449.394319757661,7753572.992655624
Midwest,m,0,2020-08-15,2527.2155572100646,2844.855704853972,2865.667769282196,9303246.66629443
Midwest,m,0,2020-09-15,2812.439795543588,3214.9997555484815,3236.977508375432,10852566.616823563
Midwest,m,0,2020-10-15,3196.694030677619,3639.070777472125,3661.0485302990755,12401531.627502427
Midwest,m,0,2020-11-15,3525.4393417150723,4032.192571084625,4054.170323911575,13950141.161598304
Midwest,m,0,2020-12-15,3942.2759226341404,4486.826395841959,4508.80414866891,15498395.36238636
Midwest,m,0,2021-01-15,4402.921002296886,4978.5977027689305,5001.623012133331,17046295.053149644
Midwest,m,0,2021-02-15,4455.846761186856,5137.045295439027,5179.774497461321,18593841.737179082
Midwest,m,0,2021-03-15,4736.768991628081,5542.503451987648,5586.09640799195,20141037.59777349
Midwest,m,0,2021-04-15,5164.95071584014,5936.870834230676,6023.608497716978,21687885.49823955
Midwest,m,40,2020-03-15,487.42774314121795,538.1281362738739,562.6697980964112,904136.639973896
Midwest,m,40,2020-04-15,1794.9860882988978,1901.841516585988,1939.4153265068735,1808145.567581244
Midwest,m,40,2020-05-15,3401.1307027164194,3561.3853951986157,3598.959205119501,2712034.7077257293
Midwest,m,40,2020-06-15,4157.120160057285,4430.793230793063,4468.367040713949,3615812.75449525
Midwest,m,40,2020-07-15,5194.492399161427,5515.723545290799,5553.297355211684,4519489.171161919
Midwest,m,40,2020-08-15,6223.602399589637,6567.49385320813,6605.067663129015,5423073.706449203
Midwest,m,40,2020-09-15,6749.6133543855185,7177.2385048169435,7217.673091347226,6326574.459600499
Midwest,m,40,2020-10-15,7844.00323309686,8278.90688686265,8319.34147339293,7229997.396646268
Midwest,m,40,2020-11-15,9727.97561864634,10162.879272412129,10203.31385894241,8133346.350404045
Midwest,m,40,2020-12-15,12441.061536423636,12889.97312337893,12930.40770990921,9036623.020478431
Midwest,m,40,2021-01-15,14380.062235424579,14843.671488211687,14884.106074741969,9939826.9732611
Midwest,m,40,2021-02-15,14626.119820708329,15265.86354369705,15340.197448351992,10842955.641930789
Midwest,m,40,2021-03-15,15033.928202798012,15864.410920928594,15962.690250887328,11746004.32645331
Midwest,m,40,2021-04-15,15883.496538385596,16795.098563356325,16907.206434463224,12648966.193581542
Midwest,m,65,2020-03-15,195.6018710115244,293.8514309771695,325.8973721713232,247190.0338434745
Midwest,m,65,2020-04-15,1455.2028004841634,1681.7627867984909,1742.4907938321785,495148.9356973381
Midwest,m,65,2020-05-15,2227.101606300972,2540.16951336389,2657.6551780389555,743873.6017052113
Midwest,m,65,2020-06-15,2505.121624481545,2999.2869346488087,3116.7725993238746,993358.832324026
Midwest,m,65,2020-07-15,3101.9578123404117,3677.7982797387685,3801.0630851818746,1243597.3323240257
Midwest,m,65,2020-08-15,3655.1373781320244,4407.468442714915,4530.733248158021,1494579.6944646721
Midwest,m,65,2020-09-15,3925.017653087565,4874.533304066667,4997.798109509773,1746294.3341982763
Midwest,m,65,2020-10-15,5087.953180324063,6037.468831303165,6160.73363674627,1998727.4733459055
Midwest,m,65,2020-11-15,7683.064250932805,8632.579901911906,8755.844707355012,2251863.1400973834
Midwest,m,65,2020-12-15,10834.27179789462,11783.787448873722,11907.052254316828,2505683.1690112893
Midwest,m,65,2021-01-15,12819.562729107134,13767.79569563243,13892.343185529342,2760167.201014959
Midwest,m,65,2021-02-15,13179.21677474528,14075.83067521059,14338.305376986296,3015292.683404485
Midwest,m,65,2021-03-15,13344.166873569242,14209.377882536264,14590.347043089063,3271034.8698447165
Midwest,m,65,2021-04-15,13650.434047816238,14443.795486928888,14959.980599169303,3527366.820369257
Midwest,m,75,2020-03-15,337.49780604933005,451.52228404319897,514.0493136213079,111647.2005329586
Midwest,m,75,2020-04-15,1847.5981664423864,2003.9605738123214,2078.037888362281,223455.51365043214
Midwest,m,75,2020-05-15,2725.3748762653895,2885.002549943773,3006.5663358410466,335422.8321333427
Midwest,m,75,2020-06-15,2781.509147787595,3056.1450650318916,3249.5197476040294,447547.69270680705
Midwest,m,75,2020-07-15,3259.4047513964842,3652.3930732334024,3860.7843662166,559829.2760401367
Midwest,m,75,2020-08-15,4186.284993769217,4635.4553600530835,4860.65516356495,672267.8581872247
Midwest,m,75,2020-09-15,4661.010619775082,5207.748107818057,5447.949297550359,784866.6163480931
Midwest,m,75,2020-10-15,6417.89010855798,6964.627596600956,7204.828786333258,897632.0803092795
Midwest,m,75,2020-11-15,10098.019643504238,10644.757131547214,10884.958321279515,1010574.1324438374
Midwest,m,75,2020-12-15,14719.493027963184,15266.23051600616,15506.431705738463,1123706.0077113358
Midwest,m,75,2021-01-15,17019.233117169537,17622.747970235192,17862.949159967495,1237044.29365786
Midwest,m,75,2021-02-15,17146.036904978388,17627.246043088333,18078.01399201155,1350608.9304160103
Midwest,m,75,2021-03-15,17146.036904978388,17531.628957676534,18129.92564615749,1464423.2107049031
Midwest,m,75,2021-04-15,17342.361055401532,17536.364212813678,18356.802369571174,1578513.779830171
Midwest,m,85,2020-03-15,0,75.92044022113066,113.39038234675598,42125.5221942264
Midwest,m,85,2020-04-15,1234.3403458576288,1401.6578511114647,1452.7816768175373,84303.44632593574
Midwest,m,85,2020-05-15,1883.274364853806,2148.5168720655856,2231.5053409215643,126533.96656694057
Midwest,m,85,2020-06-15,2026.1808245483417,2179.7608335029045,2392.5846911967365,168816.84987697168
Midwest,m,85,2020-07-15,2359.347226638683,2521.1995906223992,2757.8233919421136,211151.4360036781
Midwest,m,85,2020-08-15,2817.460147873208,3148.8530358314883,3385.4768371512027,253536.73035585723
Midwest,m,85,2020-09-15,3138.608637160305,3635.399620294034,3886.4186928799945,295971.77549637546
Midwest,m,85,2020-10-15,4561.3562554312875,5058.147238565017,5309.166311150977,338455.74401539844
Midwest,m,85,2020-11-15,8017.158197827172,8513.949180960903,8764.968253546862,380987.93853039085
Midwest,m,85,2020-12-15,11961.520561774145,12477.059041049082,12728.078113635043,423567.79168611654
Midwest,m,85,2021-01-15,13277.98069467614,13988.633129108368,14242.610674547188,466194.86615463847
Midwest,m,85,2021-02-15,13277.98069467614,13282.382351844879,14242.610674547188,508868.85463531886
Midwest,m,85,2021-03-15,13277.98069467614,12392.815755854876,14242.610674547188,551589.5798548191
Midwest,m,85,2021-04-15,13277.98069467614,11558.378394375291,14246.238824938506,594356.9945670995
Midwest,t,0,2020-03-15,163.24850257965943,297.707777851113,303.6585626193876,3034385.075722509
Midwest,t,0,2020-04-15,508.1834495786555,713.0845765107259,730.9423144116374,6068079.111047488
Midwest,t,0,2020-05-15,1287.848125660666,1509.1313675565484,1526.98910545746,9101069.699001752
Midwest,t,0,2020-06-15,1954.8062767605218,2242.284192008366,2260.1419299092777,12133347.106205463
Midwest,t,0,2020-07-15,2700.7923898329686,3030.2855767223073,3050.0762653272654,15164904.272872131
Midwest,t,0,2020-08-15,3205.433053569333,3624.9541177584674,3644.744806363426,18195736.658552323
Midwest,t,0,2020-09-15,3564.2163849858675,4098.369332841791,4118.160021446749,21225841.62510856
Midwest,t,0,2020-10-15,4108.758322962124,4688.9729107428875,4713.913925107133,24255218.282459006
Midwest,t,0,2020-11-15,4622.0497831488465,5238.8925879107965,5265.272200858621,27283867.488577496
Midwest,t,0,2020-12-15,5197.240252831429,5841.532638284764,5870.6410030059815,30311791.849493526
Midwest,t,0,2021-01-15,5804.19084382681,6499.965344206978,6533.473026970152,33338995.719292242
Midwest,t,0,2021-02-15,5804.19084382681,6651.553227732047,6711.28745083619,36365485.200114466
Midwest,t,0,2021-03-15,6328.717864230035,7179.833306996133,7256.749961398505,39391268.14215666
Midwest,t,0,2021-04-15,6806.151468049785,7662.018657086291,7789.125123743628,42416354.143670954
Midwest,t,40,2020-03-15,643.204148499639,823.7312876435326,827.7989405307742,1816181.671991202
Midwest,t,40,2020-04-15,2563.0669277367915,2877.529395871648,2890.0514374763675,3631976.8061038777
Midwest,t,40,2020-05-15,4944.508948787138,5268.192499093508,5280.714540698228,5447398.809717662
Midwest,t,40,2020-06-15,6086.05384530214,6564.388545886958,6576.910587491678,7262462.119856796
Midwest,t,40,2020-07-15,7726.341427386186,8273.137819029445,8285.659860634165,9077182.203190135
Midwest,t,40,2020-08-15,9275.923485356123,9859.411890675747,9871.933932280466,10891574.665809795
Midwest,t,40,2020-09-15,10023.81120067231,10763.626195584447,10780.63303587166,12705651.692345819
Midwest,t,40,2020-10-15,11669.460123492832,12433.90499833915,12450.911838626364,14519421.15574483
Midwest,t,40,2020-11-15,14526.78566006199,15291.230534908309,15308.23737519552,16332886.617270032
Midwest,t,40,2020-12-15,18818.974173644863,19583.41904849118,19600.425888778394,18146047.326501217
Midwest,t,40,2021-01-15,21722.606830285167,22487.051705131486,22504.0585454187,19958898.221334748
Midwest,t,40,2021-02-15,22152.96269702795,23040.131391627896,23111.788909602685,21771429.92798358
Midwest,t,40,2021-03-15,22992.421298880443,23924.471264414326,24036.485304554586,23583628.760977246
Midwest,t,40,2021-04-15,24264.055443142584,25301.078457043648,25429.886853961674,25395476.723161865
Midwest,t,65,2020-03-15,430.9542301364231,472.95069094565594,557.6527266215477,531955.4072316315
Midwest,t,65,2020-04-15,2657.7094583878015,2750.0423119198786,2852.717373445438,1065526.427811942
Midwest,t,65,2020-05-15,4170.49743365842,4293.091623508818,4444.529528355756,1600709.1401241145
Midwest,t,65,2020-06-15,4640.495092398508,5040.022106259588,5191.4600111065265,2137495.7898199703
Midwest,t,65,2020-07-15,5741.7499145368365,6172.161962115628,6327.118697123591,2675874.789819971
Midwest,t,65,2020-08-15,6779.404250874009,7342.3666425491265,7497.32337755709,3215830.4674888183
Midwest,t,65,2020-09-15,7511.012520760686,8301.187195121545,8456.143930129509,3757342.053337849
Midwest,t,65,2020-10-15,9510.580171402535,10300.754845763395,10455.711580771358,4300383.42820064
Midwest,t,65,2020-11-15,13613.867174241917,14404.041848602777,14558.99858361074,4844923.123233004
Midwest,t,65,2020-12-15,18986.186505894137,19776.361180254997,19931.31791526296,5390924.319912989
Midwest,t,65,2021-01-15,22182.21172385898,22983.356507539243,23138.313242547207,5938344.850040883
Midwest,t,65,2021-02-15,22593.12440195886,23288.700345809244,23673.760513217738,6487137.195739211
Midwest,t,65,2021-03-15,22726.01191348839,23528.870708304068,24014.31657923791,7037248.489452733
Midwest,t,65,2021-04-15,23187.189467499888,23972.737461698394,24617.926986773586,7588620.513948447
Midwest,t,75,2020-03-15,782.0134652220285,854.8616117148501,886.8573741805142,268099.7141502051
Midwest,t,75,2020-04-15,3402.602969871454,3509.842545147162,3602.2642532334976,536563.7384698159
Midwest,t,75,2020-05-15,5212.5666496553995,5356.323648590381,5481.736819425914,805387.6387259775
Midwest,t,75,2020-06-15,5476.826589024116,5702.725022643057,5970.548250665424,1074568.5808281584
Midwest,t,75,2020-07-15,6401.863016445121,6898.129816703863,7165.9530447262305,1344105.3308281507
Midwest,t,75,2020-08-15,8113.877725075581,8719.16040008832,8986.983628110687,1613999.22999803
Midwest,t,75,2020-09-15,9101.096824527101,9873.078363163919,10140.901591186286,1884258.0951419931
Midwest,t,75,2020-10-15,12184.368815923322,12956.35035456014,13224.173582582507,2154897.193674317
Midwest,t,75,2020-11-15,18636.11653932358,19408.098077960396,19675.921305982763,2425939.2436193596
Midwest,t,75,2020-12-15,26718.347128172427,27490.32866680924,27758.151894831608,2697414.413611559
Midwest,t,75,2021-01-15,30559.19997355861,31369.813039255296,31637.636267277663,2969360.3228954356
Midwest,t,75,2021-02-15,30559.19997355861,31094.478889146532,31828.9716723452,3241822.041325588
Midwest,t,75,2021-03-15,30559.19997355861,30834.66332491048,31890.70841204303,3514852.0893666972
Midwest,t,75,2021-04-15,30846.69780313625,30577.469410726757,32192.00135227425,3788510.438093524
Midwest,t,85,2020-03-15,136.93034917162845,363.66837837265297,478.0269474662621,133275.1112039729
Midwest,t,85,2020-04-15,3716.3845742922267,3973.613216226583,4153.688759575795,266658.0921772095
Midwest,t,85,2020-05-15,6454.549800277959,6787.654358638781,6987.341950499091,400149.9600375812
Midwest,t,85,2020-06-15,6872.151294383316,7078.1987872345635,7444.491351699192,533750.8040835363
Midwest,t,85,2020-07-15,7605.201802256034,7991.806412328261,8389.56408940732,667459.7857940996
Midwest,t,85,2020-08-15,9387.816579205959,9892.635755913052,10290.393432992112,801275.3266779608
Midwest,t,85,2020-09-15,10419.519884925377,11225.231125087415,11622.988802166476,935195.859669826
Midwest,t,85,2020-10-15,14080.739786854223,14886.451027016263,15284.208704095321,1069220.0169795053
Midwest,t,85,2020-11-15,22064.146932237938,22869.858172399978,23267.615849479036,1203346.6300919128
Midwest,t,85,2020-12-15,31773.983065944587,32579.694306106627,32977.45198318569,1337574.7297670676
Midwest,t,85,2021-01-15,35444.222099179,36325.30464115498,36754.98518357641,1471903.546040092
Midwest,t,85,2021-02-15,35444.222099179,34150.29072503399,36754.98518357641,1606332.508221213
Midwest,t,85,2021-03-15,35444.222099179,31809.5271137783,36754.98518357641,1740861.2448957618
Midwest,t,85,2021-04-15,35444.222099179,29752.292126717537,36754.98518357641,1875489.5839241738
Northeast,f,0,2020-03-15,64.61145325828085,65.02367779071047,73.79769455832768,1180535.7426108979
Northeast,f,0,2020-04-15,247.32559126009002,256.18437028685133,272.95871745739754,2360874.120667104
Northeast,f,0,2020-05-15,273.93095087932716,314.48129888136106,339.2823198468793,3541008.60859387
Northeast,f,0,2020-06-15,311.2011277478345,363.9134474431299,413.5477914667313,4720933.168913871
Northeast,f,0,2020-07-15,350.75101934415005,437.47956385162877,487.3733094342506,5900642.252247205
Northeast,f,0,2020-08-15,393.12098542906836,443.1781211844791,535.1090402951181,7080130.858890104
Northeast,f,0,2020-09-15,446.0386856211643,463.0071595272852,591.6256817509139,8259394.785129771
Northeast,f,0,2020-10-15,446.0386856211643,487.96425163337057,642.0840039763599,9438430.68482309
Northeast,f,0,2020-11-15,446.0386856211643,504.04650928576245,695.9200674281124,10617236.069396626
Northeast,f,0,2020-12-15,458.0074669644388,547.2505896145354,757.013592401545,11795809.307846624
Northeast,f,0,2021-01-15,574.7868926764273,680.572701369763,897.1225974344862,12974149.626739014
Northeast,f,0,2021-02-15,583.8455768779748,735.0086111503159,967.0471584368665,14152257.110209402
Northeast,f,0,2021-03-15,631.0150606059095,815.5536495887604,1052.0840374287434,15330132.699963076
Northeast,f,0,2021-04-15,631.0150606059095,871.2027174925963,1113.561836952797,16507778.195275007
Northeast,f,40,2020-03-15,529.7358031434222,587.0317216600283,587.0317216600283,780028.7221728151
Northeast,f,40,2020-04-15,3132.7401304339187,3191.254943713386,3191.668868100192,1569268.7879451604
Northeast,f,40,2020-05-15,4039.208443537669,4114.041322018481,4114.455246405287,2358164.5732010906
Northeast,f,40,2020-06-15,4242.565645510528,4354.601607537287,4360.724659203676,3118055.867885906
Northeast,f,40,2020-07-15,4559.226981811095,4733.197262374205,4755.714794715466,3925403.4143545404
Northeast,f,40,2020-08-15,4744.9598084783265,5019.228260298779,5042.108158803908,4713318.920232822
Northeast,f,40,2020-09-15,5051.0959611376875,5355.284602141219,5384.72859255467,5500925.832020388
Northeast,f,40,2020-10-15,5204.564175468858,5573.3212465900115,5611.052802965992,6230925.913495431
Northeast,f,40,2020-11-15,5554.598511075816,5995.15317780428,6034.513069405356,7008389.557262817
Northeast,f,40,2020-12-15,6463.14522959982,6927.236273642432,6967.8727269288465,7842859.377473794
Northeast,f,40,2021-01-15,7362.6288291825695,7829.124875861471,7869.917583482528,8629272.233882578
Northeast,f,40,2021-02-15,7778.428767397235,8258.086864401877,8314.14224292362,9415385.736861195
Northeast,f,40,2021-03-15,8306.43987508766,8823.137108754097,8879.19248727584,10201195.182642857
Northeast,f,40,2021-04-15,8625.480419917589,9268.869278152542,9334.047884110607,10986693.683494477
Northeast,f,65,2020-03-15,551.7047537601361,607.9059276612775,619.0605103544397,248635.7553450947
Northeast,f,65,2020-04-15,4177.864750361086,4245.615364890055,4256.769947583217,497909.4866439623
Northeast,f,65,2020-05-15,5390.509447151669,5478.1317803177,5489.286363010861,747819.153900366
Northeast,f,65,2020-06-15,5539.766536589452,5733.6926911058345,5750.948395284189,998360.9873223777
Northeast,f,65,2020-07-15,5634.017133438184,5936.797461239944,5976.075929323801,1249529.4873223787
Northeast,f,65,2020-08-15,5821.99268232598,6173.941956646051,6220.953981065548,1501317.3222492319
Northeast,f,65,2020-09-15,5899.138553795705,6366.752083745099,6424.737557839543,1753714.9193169803
Northeast,f,65,2020-10-15,6200.546506251951,6728.283927694163,6802.975398319172,2006710.3623370186
Northeast,f,65,2020-11-15,6664.676513723401,7269.311209744507,7348.12100691933,2260289.3917180956
Northeast,f,65,2020-12-15,7997.4355182440295,8612.319676412171,8691.129473586994,2514435.404466312
Northeast,f,65,2021-01-15,9385.539748095516,10021.107379904362,10106.1606350355,2769129.454185121
Northeast,f,65,2021-02-15,9786.293929379965,10556.249909778431,10651.428734039704,3024350.2510753307
Northeast,f,65,2021-03-15,10276.790019851465,11052.474771481851,11162.204400354072,3280074.1619350994
Northeast,f,65,2021-04-15,10613.968250861937,11431.609032006496,11553.96440995596,3536275.2101599406
Northeast,f,75,2020-03-15,907.8540616691712,911.5408156840286,935.6323419359704,140722.46279627446
Northeast,f,75,2020-04-15,6914.404377412972,6901.543709241103,6942.182657679771,281673.823049499
Northeast,f,75,2020-05-15,8788.49776669007,8759.631395758859,8826.12418274694,422854.43016462924
Northeast,f,75,2020-06-15,8947.05087725397,8875.29923247024,9013.971386856356,564265.5129498353
Northeast,f,75,2020-07-15,9147.520230683353,9107.364295365305,9274.046139113478,705909.1796165014
Northeast,f,75,2020-08-15,9437.291922321396,9490.126497222387,9656.80834097056,847788.7924128098
Northeast,f,75,2020-09-15,9541.961636220174,9527.57474111206,9833.357675479325,989910.4661580706
Northeast,f,75,2020-10-15,9730.450162799898,9810.646103911495,10129.815633758564,1132283.4428763054
Northeast,f,75,2020-11-15,10118.85940741324,10335.172766316742,10654.342296163812,1274920.0917962473
Northeast,f,75,2020-12-15,12250.969582970121,12491.348949043906,12810.518478890974,1417835.9093513403
Northeast,f,75,2021-01-15,14304.109826250145,14558.983839846938,14878.153369694008,1561049.51917974
Northeast,f,75,2021-02-15,14729.06673002785,15008.099426786805,15366.058509682107,1704582.6721243127
Northeast,f,75,2021-03-15,14871.644425984758,15207.714401319572,15610.312786636669,1848460.2462326367
Northeast,f,75,2021-04-15,14944.971418904175,15240.826112847995,15783.247454110342,1992710.2467570014
Northeast,f,85,2020-03-15,994.115075747965,1058.274231343977,1100.7394905874917,84959.27270267639
Northeast,f,85,2020-04-15,12640.560317508747,12698.779944508782,12754.172671682132,169967.18289400273
Northeast,f,85,2020-05-15,16626.88038740539,16703.334849912062,16766.859939894246,255023.5707795935
Northeast,f,85,2020-06-15,16673.987943186567,16735.540377960373,16903.79909344467,340127.59216499067
Northeast,f,85,2020-07-15,16868.99588493569,16751.30932913419,17145.044803018765,425277.718455664
Northeast,f,85,2020-08-15,17100.517307883256,16766.854798974116,17402.053126401184,510471.89705352753
Northeast,f,85,2020-09-15,17134.39523130032,16676.117301600934,17574.470482915018,595708.1929430062
Northeast,f,85,2020-10-15,17326.17378280888,16828.37188845554,17864.52551668363,680984.9490875525
Northeast,f,85,2020-11-15,18109.71904226989,17576.355720295986,18722.846495734768,766300.7864296465
Northeast,f,85,2020-12-15,21612.00116583051,21093.25688876995,22239.74766420873,851654.6038907961
Northeast,f,85,2021-01-15,24521.06461425606,24043.678816494295,25190.169591933074,937045.5783715366
Northeast,f,85,2021-02-15,24521.06461425606,23486.634241299613,25249.33934778065,1022473.1647514306
Northeast,f,85,2021-03-15,24521.06461425606,22501.235067436017,25249.33934778065,1107937.095889069
Northeast,f,85,2021-04-15,24521.06461425606,21375.33639975984,25249.84546306752,1193437.3826220692
Northeast,m,0,2020-03-15,156.55455341950756,261.5522296267486,265.0643444405692,1198008.850857594
Northeast,m,0,2020-04-15,670.7194269321631,797.9526558311163,806.1523240120097,2395823.926470572
Northeast,m,0,2020-05-15,1025.3308947334694,1160.7155680851863,1169.8809675725556,3593438.8797747903
Northeast,m,0,2020-06-15,1242.7955762998076,1427.8525869659925,1437.0179864533618,4790848.009332538
Northeast,m,0,2020-07-15,1603.5102011754927,1797.3641494984442,1806.5295489858136,5988046.2593325395
Northeast,m,0,2020-08-15,1895.1874251278496,2150.2482187213714,2159.4136182087404,7185029.178733439
Northeast,m,0,2020-09-15,2166.4535673313035,2434.1309311124296,2451.517215275307,8381792.7578377705
Northeast,m,0,2020-10-15,2392.6964008667437,2657.858118976495,2686.593172614182,9578333.387435436
Northeast,m,0,2020-11-15,2561.728929815518,2909.7880596251175,2938.5231132628046,10774647.858803712
Northeast,m,0,2020-12-15,2871.190355788784,3267.6484361509624,3296.3834897886495,11970733.363707252
Northeast,m,0,2021-01-15,3113.5304776436574,3570.3377460038528,3602.5514332034595,13166587.494398078
Northeast,m,0,2021-02-15,3180.5304760955814,3695.101149032994,3741.257102901018,14362208.24361559
Northeast,m,0,2021-03-15,3422.9517254818375,3981.758975519747,4027.9149293877713,15557594.004586563
Northeast,m,0,2021-04-15,3560.803270153957,4168.749333104601,4241.236399237714,16752743.571025139
Northeast,m,40,2020-03-15,1165.4265525804585,1220.8086828606251,1229.5318697802732,735945.2251212382
Northeast,m,40,2020-04-15,7390.248419098067,7463.246997147955,7471.9701840676025,1480665.235155487
Northeast,m,40,2020-05-15,9663.350945321788,9763.00121267222,9771.724399591867,2225057.2700687307
Northeast,m,40,2020-06-15,10297.638336374757,10404.86107616662,10431.607913012602,2941796.1562147266
Northeast,m,40,2020-07-15,11087.726100538901,11236.75845529819,11266.635151492786,3703782.8492831187
Northeast,m,40,2020-08-15,11400.801972416835,11591.017260618568,11645.13349256149,4447250.064054256
Northeast,m,40,2020-09-15,11600.813525659425,11881.454164959208,11938.06781741195,5190430.0884637665
Northeast,m,40,2020-10-15,12082.79196732376,12418.921483389173,12475.535135841914,5878654.030008159
Northeast,m,40,2020-11-15,12832.478170582539,13194.321683876335,13265.521137612157,6612167.517201502
Northeast,m,40,2020-12-15,14714.648109226744,15135.516216667536,15206.715670403357,7400091.903967249
Northeast,m,40,2021-01-15,16664.77961576069,17089.048996314104,17167.020523244828,8142190.062103403
Northeast,m,40,2021-02-15,17676.54892870396,18100.00040258221,18192.920701138122,8884025.964089707
Northeast,m,40,2021-03-15,18730.418114414602,19168.351033368886,19267.342764716417,9625599.488743639
Northeast,m,40,2021-04-15,19786.235777104113,20247.840062369443,20362.025991413608,10366908.812207712
Northeast,m,65,2020-03-15,841.1260708475917,889.786350034265,906.0416900849561,206775.52126958166
Northeast,m,65,2020-04-15,7259.209677296158,7300.558538086008,7324.125296533522,414136.26767439273
Northeast,m,65,2020-05-15,9123.567587094627,9168.662266281535,9208.872657123491,622078.5538386488
Northeast,m,65,2020-06-15,9277.82044319169,9439.371014199927,9487.677839913413,830596.7003309503
Northeast,m,65,2020-07-15,9397.105854350546,9632.234801843042,9681.611652145419,1039683.0336642823
Northeast,m,65,2020-08-15,9588.362778045455,9903.017870166366,9991.386794128019,1249327.9563439344
Northeast,m,65,2020-09-15,9694.313719126398,9927.779686662147,10123.480534243778,1459520.2270591801
Northeast,m,65,2020-10-15,9967.505441562886,10288.33401369386,10504.408057803807,1670247.030731196
Northeast,m,65,2020-11-15,10580.615096906458,11033.599150474784,11249.673194584731,1881493.9785130632
Northeast,m,65,2020-12-15,12589.358062476755,13073.855201060884,13289.92924517083,2093245.1077897649
Northeast,m,65,2021-01-15,14713.394195342244,15231.473053271966,15447.547097381912,2305482.8821781888
Northeast,m,65,2021-02-15,15586.524585830133,16051.096527846597,16333.634295029675,2518188.191527126
Northeast,m,65,2021-03-15,16235.425723324293,16713.409347257293,17021.42324703588,2731340.351917271
Northeast,m,65,2021-04-15,16675.901721000886,17108.207206678948,17491.520658049303,2944917.105661222
Northeast,m,75,2020-03-15,1042.5960562490275,1105.8026082877245,1120.778860015818,97336.83979483928
Northeast,m,75,2020-04-15,8321.37381594141,8369.989107660838,8404.97333196178,194836.1409579516
Northeast,m,75,2020-05-15,10305.408866549124,10354.179215531154,10403.664380895378,292497.37205313356
Northeast,m,75,2020-06-15,10305.408866549124,10502.084063509195,10566.802003257164,390320.4608148372
Northeast,m,75,2020-07-15,10393.506229095248,10651.101550389492,10762.629626514614,488305.79414817004
Northeast,m,75,2020-08-15,10518.499273770854,10801.520696212438,10941.71075135273,586454.5930315322
Northeast,m,75,2020-09-15,10518.499273770854,10832.634130650747,10994.202886062505,684770.4121271647
Northeast,m,75,2020-10-15,10640.075708401713,10989.095762317478,11171.382849832673,783259.5146837857
Northeast,m,75,2020-11-15,11442.723390267389,11839.527835869727,12021.814923384922,881930.8725365917
Northeast,m,75,2020-12-15,14059.395228667941,14483.219386718085,14666.814130284636,980796.1661072563
Northeast,m,75,2021-01-15,16493.233525909676,16919.00389236433,17102.59863593088,1079869.7844039311
Northeast,m,75,2021-02-15,16983.738540959508,17440.39467482293,17681.711312198076,1179168.8250212453
Northeast,m,75,2021-03-15,17369.348140073067,17810.175844162874,18093.59049765954,1278713.0941403056
Northeast,m,75,2021-04-15,17369.348140073067,17928.354524556227,18274.059748682383,1378525.106528697
Northeast,m,85,2020-03-15,782.875295217123,749.2130679957722,835.6504895609356,39630.22078678824
Northeast,m,85,2020-04-15,7751.147080454432,7743.150405399685,7829.587826964848,79302.70751796408
Northeast,m,85,2020-05-15,9499.03301170308,9470.854816935962,9577.473758213497,119017.70412999173
Northeast,m,85,2020-06-15,9499.03301170308,9110.158644883135,9625.902568908905,158775.2021651333
Northeast,m,85,2020-07-15,9499.03301170308,8934.806371910481,9673.25066741778,198574.94077144875
Northeast,m,85,2020-08-15,9499.03301170308,8577.782609304817,9732.838362605218,238416.46144755266
Northeast,m,85,2020-09-15,9521.647750527034,8419.963255817624,9860.232908507345,278299.3270216407
Northeast,m,85,2020-10-15,9547.017465637447,8355.912889245612,9989.324904367577,318223.17639624665
Northeast,m,85,2020-11-15,10027.16901911532,8950.783705497364,10590.680339208644,358187.72454824194
Northeast,m,85,2020-12-15,12677.4544159974,11613.777804086083,13253.674437797363,398192.762528836
Northeast,m,85,2021-01-15,15055.514444208487,13992.252230005059,15638.993955731205,438238.15746357624
Northeast,m,85,2021-02-15,15055.514444208487,13931.023827686133,15747.606600682331,478323.8525523477
Northeast,m,85,2021-03-15,15055.514444208487,13643.745673965146,15786.373159651215,518449.8670693736
Northeast,m,85,2021-04-15,15055.514444208487,13079.340799494186,15786.373159651215,558616.2963632148
Northeast,t,0,2020-03-15,204.5922514285876,332.83297459715413,335.4430988148214,2406104.785493955
Northeast,t,0,2020-04-15,884.2733449666385,1071.1888856389592,1081.0102944802952,4811809.532280789
Northeast,t,0,2020-05-15,1309.6697707020262,1492.5923719659738,1513.9165891043547,7217101.1102750935
Northeast,t,0,2020-06-15,1604.7876105578434,1805.3800492174212,1841.6771583898785,9621967.551853206
Northeast,t,0,2020-07-15,2034.323254734892,2250.388211710979,2286.6853208834364,12026398.051853206
Northeast,t,0,2020-08-15,2332.5083853561373,2615.133217904839,2651.430327077296,14430382.99157116
Northeast,t,0,2020-09-15,2629.2804230416054,2918.4066624775846,2978.892319407202,16833914.034746043
Northeast,t,0,2020-10-15,2897.953347221978,3167.520350929827,3259.301456067335,19236984.151555974
Northeast,t,0,2020-11-15,3096.923557831202,3440.074818830233,3537.700034007011,21639587.61861822
Northeast,t,0,2020-12-15,3475.279839986706,3843.394700317399,3942.38340230898,24041720.0189892
Northeast,t,0,2021-01-15,3855.8451206370105,4288.207109349766,4394.927287615277,26443378.242164474
Northeast,t,0,2021-02-15,3961.9432323813703,4469.983104233747,4605.112037947426,28844560.484078746
Northeast,t,0,2021-03-15,4287.315746260153,4839.465285303933,4980.847479815404,31245266.24710587
Northeast,t,0,2021-04-15,4527.793551086878,5087.981945923402,5252.296864693236,33645496.34005885
Northeast,t,40,2020-03-15,1792.263419418773,1786.6464881948546,1794.013883551359,1534646.6408758182
Northeast,t,40,2020-04-15,10593.170425859356,10620.809214681185,10631.005462187386,3068606.716682412
Northeast,t,40,2020-05-15,13771.747697631641,13839.603596879244,13849.799844385445,4601894.536851586
Northeast,t,40,2020-06-15,14663.58924007022,14746.310224117098,14790.162755149371,6134527.101517709
Northeast,t,40,2020-07-15,15834.114654826775,15937.156766085784,16000.061175789206,7666524.101517715
Northeast,t,40,2020-08-15,16368.135727610903,16588.2935195872,16671.21236260668,9197906.822167136
Northeast,t,40,2020-09-15,16838.269732740024,17222.155163085125,17311.055426345465,10728693.75836421
Northeast,t,40,2020-10-15,17603.30159665416,18044.604101231376,18141.456304624975,12258899.518365923
Northeast,t,40,2020-11-15,18777.41304172386,19229.49855954218,19330.536973709277,13788534.823788
Northeast,t,40,2020-12-15,21534.78294442209,22033.073519566795,22134.111933733897,15317606.509604905
Northeast,t,40,2021-01-15,24363.110036458926,24867.48525940621,24972.563291704806,16846117.524149843
Northeast,t,40,2021-02-15,25810.6493390916,26285.17019416705,26421.136949597985,18374066.929114763
Northeast,t,40,2021-03-15,27395.844146767235,27899.554963372404,28038.34791491326,19901449.899550356
Northeast,t,40,2021-04-15,28868.169115280794,29412.710178115227,29569.116790857846,21428257.72386605
Northeast,t,65,2020-03-15,1417.271577461374,1483.71471301625,1511.214238514845,455411.27661467635
Northeast,t,65,2020-04-15,11439.727403828876,11524.435586629717,11555.138714848783,912045.7543183549
Northeast,t,65,2020-05-15,14518.379176636281,14624.657520772489,14669.533336502605,1369897.7077390146
Northeast,t,65,2020-06-15,14900.092276538593,15157.064993267835,15214.457469671614,1828957.687653328
Northeast,t,65,2020-07-15,15164.551845389977,15563.215828414359,15625.503616713071,2289212.520986661
Northeast,t,65,2020-08-15,15507.048180193935,16081.910708215186,16164.722226530703,2750645.2785931663
Northeast,t,65,2020-09-15,15728.575157066458,16307.277709194728,16429.263027027475,3213235.14637616
Northeast,t,65,2020-10-15,16270.538967309065,17031.39619209001,17170.506288655273,3676957.393068215
Northeast,t,65,2020-11-15,17508.907348745324,18312.648907602495,18456.881269152185,4141783.3702311586
Northeast,t,65,2020-12-15,20826.576161432688,21684.378026637827,21828.610388187517,4607680.512256077
Northeast,t,65,2021-01-15,24370.828393947515,25235.15096044589,25390.526704482163,5074612.33636331
Northeast,t,65,2021-02-15,25748.08683395391,26573.808462468347,26767.785144488556,5542538.442602457
Northeast,t,65,2021-03-15,26787.074687628734,27719.588324819797,27941.83835947835,6011414.51385237
Northeast,t,65,2021-04-15,27567.64778159293,28487.026265809123,28744.18586950424,6481192.3158211615
Northeast,t,75,2020-03-15,1969.9088235439115,2008.6055851840028,2044.6945782481257,238059.30259111372
Northeast,t,75,2020-04-15,15254.212778456094,15255.888628253568,15328.998533160307,476509.9640074506
Northeast,t,75,2020-05-15,19132.924636298445,19094.21903988356,19207.71039100266,715351.8022177628
Northeast,t,75,2020-06-15,19234.541647642665,19356.980423579953,19511.785966424803,954585.9737646724
Northeast,t,75,2020-07-15,19525.969637578248,19739.56573847011,19957.500633721105,1194214.9737646715
Northeast,t,75,2020-08-15,19839.267815612133,20275.0725605543,20493.007455805295,1434243.385444342
Northeast,t,75,2020-09-15,19961.50249631857,20345.12203985202,20710.067757273086,1674680.8782852353
Northeast,t,75,2020-10-15,20257.998166414094,20783.92877002294,21169.442675424467,1915542.9575600913
Northeast,t,75,2020-11-15,21568.28735840694,22155.140341051683,22540.65424645321,2156850.964332839
Northeast,t,75,2020-12-15,26310.45730459547,26948.109301447843,27333.623206849366,2398632.0754585965
Northeast,t,75,2021-01-15,30793.830561523155,31442.031722812128,31827.545628213647,2640919.303583671
Northeast,t,75,2021-02-15,31708.910122785488,32401.65007794976,32890.8668486185,2883751.497145558
Northeast,t,75,2021-03-15,32272.594184946873,32960.467850936235,33534.27918124672,3127173.3403729424
Northeast,t,75,2021-04-15,32411.34572365215,33103.25292248868,33852.927269579435,3371235.353285698
Northeast,t,85,2020-03-15,1777.8507328250435,1808.3622558590698,1876.6723598121453,124589.49348946461
Northeast,t,85,2020-04-15,20393.56222914034,20443.987456247523,20512.2975602006,249269.89041196683
Northeast,t,85,2020-05-15,26147.500883830173,26177.360517251745,26266.236214890432,374041.27490958525
Northeast,t,85,2020-06-15,26261.881319352564,25849.58500115985,26383.254111766557,498902.794330124
Northeast,t,85,2020-07-15,26514.56660659208,25690.09039204041,26655.70880873333,623852.6592271128
Northeast,t,85,2020-08-15,26766.967397346936,25347.999520498266,26965.130666320176,748888.3585010802
Northeast,t,85,2020-09-15,26810.43864342726,25098.2487896525,27226.41759305984,874007.5199646469
Northeast,t,85,2020-10-15,27063.19886488704,25185.008838210026,27592.430737040613,999208.1254837991
Northeast,t,85,2020-11-15,28385.596835760574,26526.660249238925,28970.160523484537,1124488.5109778885
Northeast,t,85,2020-12-15,34565.034970524735,32706.09838400309,35149.5986582487,1249847.3664196322
Northeast,t,85,2021-01-15,39852.573855934665,38035.608136640854,40480.57552635616,1375283.7358351129
Northeast,t,85,2021-02-15,39852.573855934665,37419.03895617521,40611.01917210531,1500797.0173037783
Northeast,t,85,2021-03-15,39852.573855934665,36148.89529433846,40611.01917210531,1626386.9629584425
Northeast,t,85,2021-04-15,39852.573855934665,34461.5404285017,40611.01917210531,1752053.6789852842
South,f,0,2020-03-15,146.17700156993837,204.99010147362867,239.26493314500155,2740108.442897445
South,f,0,2020-04-15,303.8890404767558,431.28050963935266,485.4699548617472,5482083.756776398
South,f,0,2020-05-15,612.6671756390508,861.8655765848216,916.0550218072161,8225921.712718263
South,f,0,2020-06-15,966.1399555811738,1280.7383961304558,1355.6906361509753,10971620.00597647
South,f,0,2020-07-15,1499.452610876489,1859.8908157084463,1947.9040247813257,13719178.25597647
South,f,0,2020-08-15,2004.1131051835116,2417.313380892011,2514.7164050225338,16468598.04502443
South,f,0,2020-09-15,2209.3857243333377,2637.995076475517,2776.235169736555,19219883.07314204
South,f,0,2020-10-15,2402.4466615608294,2931.9232663405887,3079.6367652188524,21973039.19677519
South,f,0,2020-11-15,2622.127298226392,3309.0837000491733,3465.4992847656863,24728074.428793997
South,f,0,2020-12-15,2896.599932595183,3686.4605193265957,3853.062161308322,27484998.93849277
South,f,0,2021-01-15,3307.307220059566,4211.036264435112,4390.544962365781,30243825.051590048
South,f,0,2021-02-15,3551.490103385113,4392.791880438453,4680.435085027398,33004567.250228573
South,f,0,2021-03-15,3865.8844826283666,4687.706723357864,5068.173386247489,35767242.1729753
South,f,0,2021-04-15,4099.920053608069,4863.758566220105,5373.886787911188,38531868.614821404
South,f,40,2020-03-15,692.0955249170586,761.2419201150682,793.1158049645124,1685748.4161309842
South,f,40,2020-04-15,1486.9976296782859,1715.2036955262372,1767.7793839934882,3372017.7738173837
South,f,40,2020-05-15,2432.2898665013777,2752.3520962214784,2821.09631260067,5058818.996959196
South,f,40,2020-06-15,3384.3954760572906,3927.059301472763,3995.803517851954,6746163.786351597
South,f,40,2020-07-15,6316.642614619619,6860.22304099076,6928.967257369951,8434064.619684933
South,f,40,2020-08-15,9173.385827366594,9749.302981817083,9818.047198196275,10122533.976664145
South,f,40,2020-09-15,10692.256245770928,11300.338340816232,11376.45924108917,11811581.239486426
South,f,40,2020-10-15,12456.858146982282,13123.58075192467,13199.701652197607,13501211.917960647
South,f,40,2020-11-15,14204.700864512168,14980.720236363823,15060.472511588488,15191427.649507346
South,f,40,2020-12-15,17414.707052401136,18190.726424252793,18270.478699477455,16882226.199158736
South,f,40,2021-01-15,21088.930148116713,21909.74918682811,21989.501462052776,18573601.4595587
South,f,40,2021-02-15,22701.269013440295,22962.689008846697,23607.992886043674,20265543.4509628
South,f,40,2021-03-15,24012.50005324811,23813.362635284746,24995.04258770878,21958038.32123826
South,f,40,2021-04-15,24933.737415042007,24225.563260280313,26057.83736683042,23651068.34586399
South,f,65,2020-03-15,518.5543395932069,648.781315448424,659.4198590273672,543628.3070375032
South,f,65,2020-04-15,1206.4208449144835,1443.8576938967979,1498.976649210778,1089035.9302206554
South,f,65,2020-05-15,2158.19861444855,2471.4325289583367,2544.3653526494263,1636223.8436552812
South,f,65,2020-06-15,2829.781959755756,3233.992422771163,3307.7086440525254,2185190.813216777
South,f,65,2020-07-15,5575.642484025321,6061.117038632509,6134.833259913871,2735933.396550112
South,f,65,2020-08-15,8300.159259373915,8858.938267226442,8932.654488507804,3288445.5511047267
South,f,65,2020-09-15,9688.307611445884,10385.13008894395,10458.846310225312,3842717.06627413
South,f,65,2020-10-15,11445.79684707827,12160.787934398064,12234.504155679426,4398733.171430799
South,f,65,2020-11-15,13496.300582356489,14241.976614517424,14315.692835798785,4956474.535926182
South,f,65,2020-12-15,17316.61189849811,18062.287930659044,18136.004151940408,5515917.26909069
South,f,65,2021-01-15,22093.99059104659,22839.666623207526,22913.382844488886,6077032.920233708
South,f,65,2021-02-15,23655.6634814603,23799.682782035576,24518.583612988576,6639788.478643584
South,f,65,2021-03-15,24711.610935659122,24240.42158897439,25642.6848055089,7204146.37358764
South,f,65,2021-04-15,25354.841285411174,24288.489451548947,26474.075947667825,7770064.474312162
South,f,75,2020-03-15,433.5377774835913,559.4060509914837,644.7505274179779,280615.377606822
South,f,75,2020-04-15,1572.9647559540012,1808.61872625062,1947.0462843103473,561970.5946855841
South,f,75,2020-05-15,2794.0443201748144,3097.7725842873756,3300.1661371036093,844064.143242449
South,f,75,2020-06-15,3271.767956784714,3885.4816124750455,4120.3248408276795,1126895.6142340219
South,f,75,2020-07-15,6437.839228138298,7078.655994872805,7313.499223225439,1410465.6975673512
South,f,75,2020-08-15,9800.938275119428,10508.725327592638,10744.116927305773,1694777.0158602607
South,f,75,2020-09-15,11563.77653199772,12391.147187912025,12626.53878762516,1979837.4594826798
South,f,75,2020-10-15,13764.97803250271,14653.179042723648,14888.570642436784,2265661.020316976
South,f,75,2020-11-15,16115.266350649763,17129.049686395672,17364.44128610881,2552267.791757955
South,f,75,2020-12-15,20964.104285824727,21977.887621570637,22213.279221283774,2839683.9687128603
South,f,75,2021-01-15,26858.606073618557,27872.389409364467,28107.7810090776,3127941.847601373
South,f,75,2021-02-15,28272.411925611475,28488.62086868416,29690.781338478493,3417079.8263556142
South,f,75,2021-03-15,29080.68098204547,28325.69425059644,30635.579606417217,3707142.404420141
South,f,75,2021-04-15,29164.524227395217,27243.89791412852,30993.771832232742,3998180.1827519494
South,f,85,2020-03-15,527.995160573999,483.5358912441905,647.1824234530766,141470.43010729583
South,f,85,2020-04-15,2256.34894559974,2312.9817522379817,2526.720867133305,283162.07117672253
South,f,85,2020-05-15,4356.642513057147,4514.044003296942,4754.114220909248,425075.18348315946
South,f,85,2020-06-15,5256.202583718321,5607.945514135286,5911.198420887496,567209.1656393893
South,f,85,2020-07-15,9615.420869759808,10053.655346814918,10357.456618402732,709562.5545960979
South,f,85,2020-08-15,13847.157057470627,14473.95011546819,14778.244084029855,852133.1957102191
South,f,85,2020-09-15,15790.33801103666,16551.40018198386,16855.694150545525,994918.923018311
South,f,85,2020-10-15,18024.270196369722,18863.4500591318,19171.668118720103,1137917.7293049009
South,f,85,2020-11-15,20408.855488049237,21280.858302170363,21590.888534136022,1281127.7661024842
South,f,85,2020-12-15,26308.267651930943,27189.697084810792,27499.72731677645,1424547.343691526
South,f,85,2021-01-15,32868.79361615145,33770.593971164206,34080.62420312987,1568174.9311004595
South,f,85,2021-02-15,33306.67817492771,33138.694796168515,34901.56355362126,1712009.1561056876
South,f,85,2021-03-15,33306.67817492771,31276.64685296032,34960.80392388694,1856048.8052315807
South,f,85,2021-04-15,33306.67817492771,28633.11277630264,34960.80392388694,2000292.8237504796
South,m,0,2020-03-15,348.59776787054284,412.05043207428815,432.5201185257729,2829211.3112978046
South,m,0,2020-04-15,846.2549063019308,981.9083634753414,1014.5364451746141,5660244.150447373
South,m,0,2020-05-15,1877.1654980795265,2030.8045648151274,2063.4326465144,8493099.440197336
South,m,0,2020-06-15,2881.348973946555,3069.275861709537,3101.9039434088095,11327780.655163826
South,m,0,2020-07-15,4125.001903413855,4417.487865220407,4450.11594691968,14164293.821830494
South,m,0,2020-08-15,5296.380974275588,5612.822501846803,5645.450583546076,17002647.28299724
South,m,0,2020-09-15,6069.661219013962,6462.735130689654,6495.3632123889265,19842850.7555752
South,m,0,2020-10-15,6997.775643458066,7390.7544731609005,7429.335571246177,22684915.095035505
South,m,0,2020-11-15,7968.45628311207,8412.342023358202,8454.471582674334,25528852.295409273
South,m,0,2020-12-15,8959.908296138246,9479.097458369457,9525.933129077865,28374675.4892876
South,m,0,2021-01-15,10045.52059511058,10605.282275999794,10664.693497858678,31222398.947821576
South,m,0,2021-02-15,10487.167941777334,10915.796891213617,11202.722829566466,34072038.08072228
South,m,0,2021-03-15,11214.598966583442,11564.032184365606,12060.848424103495,36923609.43626077
South,m,0,2021-04-15,11888.837528971864,12024.000726548129,12779.771612581824,39777130.70126809
South,m,40,2020-03-15,511.82393585997056,850.8905439745621,870.049762860382,1618644.6618167781
South,m,40,2020-04-15,2050.8742701280503,2501.413608573656,2542.6255612185264,3238050.010292859
South,m,40,2020-05-15,4580.173859806826,5038.592098093345,5091.866999368161,4858223.641467616
South,m,40,2020-06-15,6668.9148968015625,7171.659059193012,7237.904210235678,6479173.842707867
South,m,40,2020-07-15,11614.546581166078,12163.397504619463,12229.64265566213,8100909.592707869
South,m,40,2020-08-15,15933.528997121688,16522.87962548536,16589.124776528024,9723439.908576638
South,m,40,2020-09-15,18494.777979634284,19133.544495018883,19199.78964606155,11346771.234187186
South,m,40,2020-10-15,21249.437248528197,21928.213386560714,21994.45853760338,12970906.78726385
South,m,40,2020-11-15,24110.354980705633,24788.81727603214,24855.376269780816,14595846.559382267
South,m,40,2020-12-15,29607.82789865714,30286.29019398364,30352.84918773232,16221587.3159694
South,m,40,2021-01-15,35876.52264561115,36554.98494093765,36621.54393468633,17848122.59630352
South,m,40,2021-02-15,38671.421909452925,38506.70037192579,39417.87580967525,19475442.71351421
South,m,40,2021-03-15,41172.8413370542,40163.650611445686,41949.699050167656,21103534.75458237
South,m,40,2021-04-15,42694.75398716875,40804.74584276051,43586.7669407364,22732382.580340218
South,m,65,2020-03-15,692.4669767767206,871.1251625740525,897.3834777016389,472766.20854625735
South,m,65,2020-04-15,1972.9767208365342,2189.5090138430683,2267.1902960834727,947105.5482588257
South,m,65,2020-05-15,2933.199713575053,3466.701737182035,3544.3830194224392,1423016.229837269
South,m,65,2020-06-15,3624.007277739921,4355.6830269981765,4464.857935370022,1900493.7562955972
South,m,65,2020-07-15,7553.882761312597,8373.819256692303,8496.419736688114,2379530.9229622637
South,m,65,2020-08-15,11294.04532836118,12195.628842683373,12318.229322679184,2860117.7651341558
South,m,65,2020-09-15,13162.409782349285,14224.17274806914,14346.773228064952,3342241.348692538
South,m,65,2020-10-15,15216.324740628796,16360.062263360649,16482.66274335646,3825885.717757042
South,m,65,2020-11-15,18065.91460222171,19209.652124953565,19332.252604949375,4311031.894685663
South,m,65,2020-12-15,23607.15000115395,24750.887523885805,24873.488003881615,4797657.8800747655
South,m,65,2021-01-15,30662.69779571903,31806.43531845088,31929.035798446694,5285738.652759076
South,m,65,2021-02-15,33422.64197547785,33859.78059497705,34829.660029330815,5775246.169811688
South,m,65,2021-03-15,34754.17986223299,34388.270561938334,36356.14064494921,6266149.366544063
South,m,65,2021-04-15,35404.97793273766,34097.258974619275,37254.1266704339,6758414.156506024
South,m,75,2020-03-15,692.060594588519,857.4901309143676,885.2863808236946,207272.43044104296
South,m,75,2020-04-15,2186.191204458299,2336.915717603207,2456.9222160603167,415183.24029735476
South,m,75,2020-05-15,3466.6922736917377,3692.7814509127816,3850.9521010234,623730.4661977196
South,m,75,2020-06-15,4013.447313374113,4473.20410929977,4718.472643565082,832912.6236355474
South,m,75,2020-07-15,7950.88496177936,8497.2375162187,8758.291439377403,1042728.7069688743
South,m,75,2020-08-15,11668.205847483434,12319.68097053321,12580.734893691913,1253178.9498501099
South,m,75,2020-09-15,13442.891553955991,14252.71266582019,14513.766588978893,1464267.866945026
South,m,75,2020-10-15,15689.903545852443,16499.72465771664,16760.778580875343,1676005.0143625042
South,m,75,2020-11-15,18522.09439520143,19378.855947476226,19645.970047038176,1888404.9896545368
South,m,75,2020-12-15,24558.42364701076,25415.18519928555,25682.2992988475,2101487.431816225
South,m,75,2021-01-15,32089.820273450972,32946.58182572576,33213.69592528771,2315277.02128578
South,m,75,2021-02-15,34319.81514160413,34373.954010959445,35549.22987574783,2529803.479944523
South,m,75,2021-03-15,34913.16485353768,34080.99644946279,36405.43091910596,2745101.571116885
South,m,75,2021-04-15,35235.05573948145,33025.28924284198,36803.569423259825,2961211.099570408
South,m,85,2020-03-15,360.7023078109162,492.50583232308554,546.5496430877007,71005.2984596964
South,m,85,2020-04-15,895.9001896895131,1250.1685426832246,1375.5522867939876,142160.7911614862
South,m,85,2020-05-15,1803.4238457170768,2136.722225554762,2358.938393045631,213466.64909732871
South,m,85,2020-06-15,2444.013302834102,2780.199096654059,3117.587975446236,284922.55752798094
South,m,85,2020-07-15,5344.662796008222,5709.989242920112,6058.02747504118,356527.71598299785
South,m,85,2020-08-15,7889.57079803762,8330.47866842884,8687.249205919476,428280.94167173555
South,m,85,2020-09-15,8928.727099826549,9482.160839311906,9854.350237498062,500181.08312736475
South,m,85,2020-10-15,10456.582917824811,11110.395900536685,11484.905116924092,572227.1236178741
South,m,85,2020-11-15,12556.467648577685,13248.527311735272,13631.524604202927,644418.1811460704
South,m,85,2020-12-15,17018.313468553777,17717.34194855139,18100.339241019046,716753.5084495778
South,m,85,2021-01-15,22057.928723182195,22756.95720317981,23139.954495647464,789232.4930008393
South,m,85,2021-02-15,22778.64726739789,22795.40649908332,24011.31080849066,861854.6570071148
South,m,85,2021-03-15,22926.821822655984,21843.19234199193,24225.674981881806,934619.6574104833
South,m,85,2021-04-15,23080.95826866821,20314.475801485532,24381.92349573523,1007527.2858878407
South,t,0,2020-03-15,417.9329476966146,604.4805909633367,627.9637460122093,5569319.754195249
South,t,0,2020-04-15,1077.4139681072659,1385.493243925322,1434.9769199415348,11142327.90722377
South,t,0,2020-05-15,2509.1336357402147,2850.791863717577,2900.2755397337896,16719021.152915599
South,t,0,2020-06-15,3840.2304613435704,4298.087422616384,4348.527235554266,22299400.661140297
South,t,0,2020-07-15,5711.50849465742,6221.387880561293,6271.8276934991745,27883472.077806965
South,t,0,2020-08-15,7445.37425186127,7976.1712668736745,8029.016341238233,33471245.328021668
South,t,0,2020-09-15,8452.84405003014,9053.425658128766,9111.90124519154,39062733.82871724
South,t,0,2020-10-15,9678.780317510938,10284.163274877526,10357.495271082134,44657954.2918107
South,t,0,2020-11-15,11011.056449524804,11690.873897955862,11776.288993322145,50256926.724203266
South,t,0,2020-12-15,12329.952250243256,13139.338212667364,13232.064041698053,55859674.42778037
South,t,0,2021-01-15,13931.79405143663,14788.79368997272,14905.858201939507,61466223.99941163
South,t,0,2021-02-15,14598.649544210042,15273.514995175534,15710.165333397412,67076605.33095085
South,t,0,2021-03-15,15722.84640401545,16204.00536817157,16943.0088850776,72690851.60923606
South,t,0,2021-04-15,16660.949726237468,16824.944177346642,17924.92266394813,78308999.3160895
South,t,40,2020-03-15,1462.7821968094554,1613.3503860548233,1620.7167555702456,3304393.0779477623
South,t,40,2020-04-15,4041.2762826188537,4219.37554046042,4260.6959302311825,6610067.7841102425
South,t,40,2020-05-15,7612.2345103842,7795.99574551419,7865.290296152693,9917042.638426812
South,t,40,2020-06-15,10862.017027589318,11106.85070829702,11176.145258935523,13225337.629059464
South,t,40,2020-07-15,18783.336308211245,19035.18438362263,19104.478934261133,16534974.212392803
South,t,40,2020-08-15,26013.05425736912,26286.944165136785,26356.23871577529,19845973.885240782
South,t,40,2020-09-15,30053.241676094214,30451.292564981763,30520.587115620267,23158352.473673616
South,t,40,2020-10-15,34618.79503120515,35071.41694410953,35140.71149474804,26472118.705224495
South,t,40,2020-11-15,39342.5408028388,39791.28609921674,39864.45726638169,29787274.20888961
South,t,40,2020-12-15,48052.29835888276,48501.043655260706,48574.214822425645,33103813.515128136
South,t,40,2021-01-15,58042.44603951481,58491.19133589276,58564.3625030577,36421724.05586222
South,t,40,2021-02-15,62372.19751952323,61498.40477513874,62959.13587378033,39740986.164477006
South,t,40,2021-03-15,66259.27596703642,64008.9760844616,66874.11874469949,43061573.07582063
South,t,40,2021-04-15,68746.64670379153,65066.14548154543,69574.38210309672,46383450.926204205
South,t,65,2020-03-15,1410.1184476895457,1518.8823258447721,1518.8823258447721,1016394.5155837606
South,t,65,2020-04-15,3490.492766155221,3632.2122473301924,3712.5533298388455,2036141.478479481
South,t,65,2020-05-15,5603.0932499496985,5938.423095897366,6026.85931285142,3059240.0734925503
South,t,65,2020-06-15,6887.352597057893,7593.23021718326,7706.614255164257,4085684.5695123742
South,t,65,2020-07-15,13606.932314514717,14443.376723307116,14556.760761288113,5115464.319512376
South,t,65,2020-08-15,20123.788299388856,21068.997270433287,21182.381308414282,6148563.316238882
South,t,65,2020-09-15,23531.86723082576,24630.18747249434,24743.571510475336,7184958.414966668
South,t,65,2020-10-15,27437.592252536153,28548.03379449308,28661.417832474075,8224618.889187842
South,t,65,2020-11-15,32373.99815512469,33484.439697081616,33597.82373506261,9267506.430611845
South,t,65,2020-12-15,41740.16702252164,42850.60856447856,42963.99260245956,10313575.149165455
South,t,65,2021-01-15,53576.672242482615,54687.11378443954,54800.49782242053,11362771.572992783
South,t,65,2021-02-15,57984.23983543913,57703.365094101464,59303.128765343194,12415034.648455273
South,t,65,2021-03-15,60324.119547089926,58675.501726964016,61923.99376780095,13470295.740131704
South,t,65,2021-04-15,61732.64718437386,58436.31262817935,63610.219169324584,14528478.630818186
South,t,75,2020-03-15,1292.2771789887547,1410.469185011863,1501.5260251481307,487887.80804786494
South,t,75,2020-04-15,3885.804262658336,4135.345849790126,4347.820090520753,977153.8349829388
South,t,75,2020-05-15,6412.509907482352,6779.438489551685,7044.094333526349,1467794.6094401684
South,t,75,2020-06-15,7814.882351533643,8348.815005408802,8717.743786044364,1959808.237869569
South,t,75,2020-07-15,14874.875334722034,15568.130912277365,15937.059692912928,2453194.4045362254
South,t,75,2020-08-15,22057.00672905336,22822.02573195888,23190.954512594446,2947955.965710371
South,t,75,2020-09-15,25799.390772615086,26636.692082560312,27005.620863195873,3444105.326427706
South,t,75,2020-10-15,30256.03025472653,31141.85624216882,31510.785022804383,3941666.0346794804
South,t,75,2020-11-15,35491.60719407804,36489.72431006102,36858.653090696585,4440672.781412492
South,t,75,2020-12-15,46367.03641947984,47365.15353546282,47734.082316098385,4941171.400529085
South,t,75,2021-01-15,59781.895549338646,60780.01266532163,61148.941445957185,5443218.8688871525
South,t,75,2021-02-15,63616.21659155501,62812.901861462975,65050.64643339399,5946883.306300137
South,t,75,2021-03-15,65171.400093732125,62348.154232317764,66803.61530808128,6452243.975537026
South,t,75,2021-04-15,65671.70563760943,60204.64494122931,67445.22931515913,6959391.282322357
South,t,85,2020-03-15,897.3897365208495,983.1407763696427,1161.2378600180166,212475.7285669922
South,t,85,2020-04-15,3342.073793394888,3576.285929404217,3869.3989028022047,425322.86233820877
South,t,85,2020-05-15,6428.572645569836,6668.658620099519,7034.860176700981,638541.8325804882
South,t,85,2020-06-15,8082.026284759123,8409.791954887709,8844.789708591517,852131.7231673702
South,t,85,2020-07-15,15417.687334187169,15788.521830090607,16231.774940564877,1066090.2705790957
South,t,85,2020-08-15,22403.352656791776,22832.525774906466,23275.778885380736,1280414.1373819546
South,t,85,2020-09-15,25517.94614369667,26065.447246512354,26509.392375365012,1495100.0061456757
South,t,85,2020-10-15,29263.379299560147,30010.794974448072,30456.89919104232,1710144.8529227749
South,t,85,2020-11-15,33810.62272251164,34573.396327633884,35029.72213238512,1925545.9472485546
South,t,85,2020-12-15,44181.28688233005,44960.52579429614,45416.851599047375,2141300.8521411037
South,t,85,2021-01-15,55813.43438549729,56592.67329746338,57048.99910221461,2357407.4241012987
South,t,85,2021-02-15,57228.7190009093,56012.06433796045,58680.24850644239,2573863.8131128023
South,t,85,2021-03-15,57228.7190009093,53210.63968056524,58943.8700122241,2790668.4626420643
South,t,85,2021-04-15,57228.7190009093,49050.35410581572,58947.479000041785,3007820.1096383203
West,f,0,2020-03-15,7.928381415970728,41.2107413368101,61.96072191771656,1807795.8071918646
West,f,0,2020-04-15,29.484927963510394,75.94856927942006,112.66057064584558,3616963.8469556593
West,f,0,2020-05-15,104.33917206593516,231.59078067791188,268.6380215887266,5427499.326910193
West,f,0,2020-06-15,271.3004973427616,412.16882877943783,455.58786647559725,7239398.729709499
West,f,0,2020-07-15,564.7952605862366,743.4234225820045,786.8424602781639,9052659.813042833
West,f,0,2020-08-15,822.1682859101286,1019.6303653499934,1063.0494030461527,10867281.46396782
West,f,0,2020-09-15,956.3195557927743,1191.2152048327114,1238.650407671569,12683263.11624304
West,f,0,2020-10-15,1079.0117914378498,1404.3032570514692,1451.7384598903268,14500604.604661157
West,f,0,2020-11-15,1263.0599675781898,1634.3963652126452,1682.8681376162372,16319306.165048936
West,f,0,2020-12-15,1556.9488856060575,1960.2827027620053,2014.3256535838398,18139368.434267245
West,f,0,2021-01-15,1947.1936463942336,2391.155035832347,2446.7682457824417,19960792.450211026
West,f,0,2021-02-15,2052.4629613019347,2559.84431416015,2623.889035262307,21783579.65180934
West,f,0,2021-03-15,2276.9816120985165,2805.09094623019,2872.126488003642,23607731.87902532
West,f,0,2021-04-15,2318.4401401426903,2888.820864528498,2985.6777413383115,25433251.372856215
West,f,40,2020-03-15,166.7416623323665,251.0296191281608,274.4213637417336,1027786.2153259625
West,f,40,2020-04-15,437.3575276685197,579.5681788944839,635.2557658469728,2055907.8432774723
West,f,40,2020-05-15,708.6251252645553,995.8655699768569,1065.3772606349626,3084375.733133082
West,f,40,2020-06-15,1080.9145945329044,1466.8707598265107,1543.5302090894359,4113201.3896298106
West,f,40,2020-07-15,2122.596628098737,2588.3520067619274,2665.975917705036,5142396.972963147
West,f,40,2020-08-15,3208.0676671150104,3720.925074497233,3802.5465650806595,6171974.949999912
West,f,40,2020-09-15,3726.7092098860603,4278.716824669502,4375.137229338385,7201946.6991297165
West,f,40,2020-10-15,4323.434602350814,4949.471578222334,5045.891982891217,8232322.161477831
West,f,40,2020-11-15,4945.945518346638,5653.0005358441995,5749.420940513083,9263109.84090518
West,f,40,2020-12-15,7002.239749374901,7733.740791646562,7840.288084936838,10294316.804008346
West,f,40,2021-01-15,9652.050163040076,10424.156649637023,10530.703942927299,11325948.680119568
West,f,40,2021-02-15,10489.807383726034,11297.32179132512,11434.607276837096,12358009.661306739
West,f,40,2021-03-15,11030.489853818031,11965.374558113368,12108.95987840779,13390502.502373412
West,f,40,2021-04-15,11233.351305705539,12282.955165311454,12436.983523441793,14423428.520858798
West,f,65,2020-03-15,56.22167182919753,231.10252622710715,247.63909956289,324349.96585461375
West,f,65,2020-04-15,353.96662329742344,534.9873551573926,598.6166928104853,649786.9280597869
West,f,65,2020-05-15,680.3332276992111,923.207033401202,993.2427505071562,976308.8447972062
West,f,65,2020-06-15,992.2431407429397,1271.1866602622658,1364.916419416044,1303912.4158284822
West,f,65,2020-07-15,1855.0688716931038,2255.273886859426,2351.7432409148837,1632593.0824951497
West,f,65,2020-08-15,2767.4656895232993,3271.7345419118933,3375.4488489532628,1962344.794111014
West,f,65,2020-09-15,3118.8741360442186,3708.1408275136223,3828.587891654149,2293159.0735315434
West,f,65,2020-10-15,3668.154731007737,4335.286151977829,4460.984852123611,2625024.783546215
West,f,65,2020-11-15,4468.18521846217,5180.564937940231,5306.263638086013,2957928.126878516
West,f,65,2020-12-15,6742.828560368165,7520.673260211121,7646.3719603569025,3291852.6461859415
West,f,65,2021-01-15,9497.958357753627,10336.770026316923,10462.468726462705,3626779.2240599985
West,f,65,2021-02-15,10307.26863708239,11170.540178267867,11364.371733310529,3962686.0830262015
West,f,65,2021-03-15,10726.815886172275,11705.570431019105,11902.691881989398,4299548.785544076
West,f,65,2021-04-15,10726.815886172275,11800.026428952324,12024.863274772635,4637340.2340071555
West,f,75,2020-03-15,141.92780056597726,244.97825812041793,301.07745828610393,165473.28669456922
West,f,75,2020-04-15,626.4457131785343,714.2597170333461,837.1374215706152,331493.723100157
West,f,75,2020-05-15,895.1791153216665,1018.1555091482278,1185.3314868297139,498060.59167741524
West,f,75,2020-06-15,1256.1576827841116,1405.6132493151626,1644.4012755813824,665173.4048113563
West,f,75,2020-07-15,2428.2184889647474,2614.3752124920984,2865.8295195557785,832831.9048113525
West,f,75,2020-08-15,3622.780189394573,3819.65066015287,4071.1049672165495,1001036.6104476003
West,f,75,2020-09-15,4003.319555113067,4326.916817221077,4587.132070126592,1169791.0030969742
West,f,75,2020-10-15,4560.407769187636,4903.414874807327,5201.189087409631,1339102.0732794916
West,f,75,2020-11-15,5657.871627863318,6046.367264365824,6351.795414906416,1508980.320658311
West,f,75,2020-12-15,8858.392167197,9250.586914628951,9556.015065169544,1679439.7540397337
West,f,75,2021-01-15,12307.971347062245,12807.199509081744,13117.128671783687,1850497.8913732022
West,f,75,2021-02-15,12828.556472885284,13140.071356658042,13653.740194699023,2022175.7597513024
West,f,75,2021-03-15,13177.283984705431,13580.029483439963,14131.991447864295,2194497.8954097615
West,f,75,2021-04-15,13177.283984705431,13335.103296151456,14165.866306551881,2367492.343727448
West,f,85,2020-03-15,43.07807663282881,73.59671633200195,185.36836699544858,85878.43797218561
West,f,85,2020-04-15,777.6971902905796,846.1501411601586,1027.9221825139523,171913.3901461767
West,f,85,2020-05-15,1446.854835898254,1524.0450744359114,1760.9435694808442,258104.8488856766
West,f,85,2020-06-15,2047.7649125224534,2077.4389634616973,2405.9071480459897,344452.23733746546
West,f,85,2020-07-15,3789.868603071325,3847.840026961733,4198.2596785357555,430954.4094314007
West,f,85,2020-08-15,5243.555272150301,5417.433884687791,5775.898104525292,517609.7941570588
West,f,85,2020-09-15,5872.515321200817,6224.128201162283,6590.477074363188,604416.9726703053
West,f,85,2020-10-15,6378.342647046711,6892.150303950676,7272.937209883685,691374.8225699367
West,f,85,2020-11-15,7643.67793990398,8237.436715025538,8626.874556171948,778482.5178976809
West,f,85,2020-12-15,11947.424411566759,12559.33680477607,12971.484725443817,865739.5291381966
West,f,85,2021-01-15,16169.744471544846,16902.678473799613,17376.199912732034,953145.623219074
West,f,85,2021-02-15,16169.744471544846,16456.596081643256,17518.01994861386,1040700.8635108343
West,f,85,2021-03-15,16169.744471544846,16212.691426157837,17524.17931734613,1128405.6098269299
West,f,85,2021-04-15,16169.744471544846,15343.383635112263,17524.612763444093,1216260.518423744
West,m,0,2020-03-15,147.20895769230302,154.91437280437705,195.80903706278167,1897785.204099829
West,m,0,2020-04-15,424.70735200981596,413.4921394039275,497.2901389451678,3797100.0478837783
West,m,0,2020-05-15,865.4271535415301,876.9530293898843,961.8101730749432,5697942.412655631
West,m,0,2020-06-15,1289.7933627227537,1370.290912425272,1461.1251738199512,7600311.021221085
West,m,0,2020-07-15,2146.178251079307,2231.682605990658,2323.515156112866,9504205.437887752
West,m,0,2020-08-15,2872.0198434711137,3020.933134015987,3112.7656841381954,11409625.921028873
West,m,0,2020-09-15,3196.5704616421162,3486.6837106583525,3584.5579691609278,13316572.83333816
West,m,0,2020-10-15,3688.5828275539284,4010.238124484232,4115.19909304815,15225046.494393514
West,m,0,2020-11-15,4165.336021017415,4539.8774219674415,4648.939588551227,17135047.180657033
West,m,0,2020-12-15,4893.416535638168,5298.335411079049,5407.513373938529,19046575.12547499
West,m,0,2021-01-15,5881.6176755761,6335.557894694386,6444.735857553867,20959630.519077856
West,m,0,2021-02-15,6188.213483804234,6725.003128585108,6842.522647954183,22874213.508580286
West,m,0,2021-03-15,6648.25445085433,7251.040644727353,7378.560152391999,24790324.19798112
West,m,0,2021-04-15,7070.701648829138,7699.019079695604,7864.104251257561,26707962.648163393
West,m,40,2020-03-15,707.8480557085941,785.1823103414175,787.6087280079499,1007050.9115491445
West,m,40,2020-04-15,1570.0943443706935,1749.8378232809866,1755.5550760620408,2014393.8492734584
West,m,40,2020-05-15,2500.6367604126726,2750.244784447344,2757.2087062103888,3022039.615149906
West,m,40,2020-06-15,3603.3078621554027,3893.8199135023037,3902.4834846559934,4030000.7416275498
West,m,40,2020-07-15,5931.227329758829,6271.23676923432,6279.90034038801,5038291.491627552
West,m,40,2020-08-15,8034.224687890296,8434.69384906228,8443.357420215969,6046927.324082159
West,m,40,2020-09-15,9216.87352423257,9654.073869706028,9662.737440859717,7055922.756090658
West,m,40,2020-10-15,10341.25814328998,10869.126611511789,10877.790182665478,8065290.828458356
West,m,40,2020-11-15,11986.923005555354,12555.479731842486,12564.143302996175,9075043.105696583
West,m,40,2020-12-15,16428.664333075234,17014.07262615567,17022.736197309358,10085189.676022701
West,m,40,2021-01-15,22347.22151169488,22945.57318228106,22954.264962808757,11095739.151360085
West,m,40,2021-02-15,24276.85918139541,25044.663509022568,25053.35528955027,12106698.667338142
West,m,40,2021-03-15,25672.283559156265,26486.902941820124,26495.59472234782,13118073.8832923
West,m,40,2021-04-15,26440.007785852544,27299.003095372005,27325.15204870686,14129868.982264014
West,m,65,2020-03-15,585.574015642955,586.4282886588113,625.6378086186506,287294.44070569595
West,m,65,2020-04-15,1212.8796882243803,1268.9676971335773,1340.3373344324882,575566.4842583081
West,m,65,2020-05-15,1787.2066928660995,1842.0151638765299,1955.202197395923,864811.4812871673
West,m,65,2020-06-15,2297.2190931745013,2364.9210364775076,2535.9230911099435,1155022.7934542676
West,m,65,2020-07-15,3837.632451520348,4001.5165292310344,4176.471927979661,1446191.7934542666
West,m,65,2020-08-15,5233.757772861532,5500.345935093656,5675.3013338422825,1738307.9250993223
West,m,65,2020-09-15,5818.878929793427,6225.020222532116,6404.3229261199795,2031358.943658444
West,m,65,2020-10-15,6567.609920941099,7040.089019922888,7219.391723510752,2325330.9759423286
West,m,65,2020-11-15,7848.243419730696,8406.534033952144,8585.836737540008,2620208.5203033616
West,m,65,2020-12-15,11981.517377658658,12555.29635627672,12734.599059864582,2915974.4466356155
West,m,65,2021-01-15,16886.314588005167,17517.94894389762,17697.251647485486,3212609.996374853
West,m,65,2021-02-15,18389.315507461743,19012.948707285315,19239.2472222736,3510094.782498523
West,m,65,2021-03-15,19041.391674010527,19704.446238284083,19958.931078360183,3808406.789525763
West,m,65,2021-04-15,19188.277966263326,19910.924117023118,20212.839113691174,4107522.3735173997
West,m,75,2020-03-15,371.2466604057503,460.36473522021043,499.730352425466,126703.2794875776
West,m,75,2020-04-15,861.8406304906404,994.6655027677641,1086.4184949389569,253842.34006737257
West,m,75,2020-05-15,1336.7084258754985,1468.191742531463,1607.2536232863285,381416.25089165353
West,m,75,2020-06-15,1820.043537058119,2040.7433840884914,2202.341208282483,509424.27225350734
West,m,75,2020-07-15,3135.765598463263,3500.988639042461,3666.229705723914,637865.855586839
West,m,75,2020-08-15,4356.3903534839255,4840.113499598798,5014.306907191384,766741.1095944039
West,m,75,2020-09-15,4659.324218506741,5353.794750030032,5529.309598807768,896052.6647599374
West,m,75,2020-10-15,5178.2930034979545,6023.98597939954,6199.500828177275,1025806.139476187
West,m,75,2020-11-15,6588.549367784031,7448.2914748749945,7623.8063236527305,1156010.140044912
West,m,75,2020-12-15,10870.597742302343,11766.696751725976,11942.211600503711,1286676.2606768846
West,m,75,2021-01-15,15573.182429571903,16598.002648877733,16786.25342744824,1417819.0834918886
West,m,75,2021-02-15,16542.935558215508,17422.788841759535,17756.212919349247,1549456.17851872
West,m,75,2021-03-15,16841.82648335661,17804.972390187933,18232.098092214914,1681608.1036951875
West,m,75,2021-04-15,16841.82648335661,17505.66577008138,18306.902397869086,1814298.404868111
West,m,85,2020-03-15,89.16583264405801,208.0716934974006,278.73600884427697,46049.65564400193
West,m,85,2020-04-15,661.6102989829915,709.4360175486472,872.3820999974639,92200.04202766668
West,m,85,2020-05-15,1081.9559194764424,1043.8415725573886,1319.8630793288557,138451.4071333128
West,m,85,2020-06-15,1398.3142762739067,1301.4209878878835,1677.7235198652756,184803.71709561648
West,m,85,2020-07-15,2373.6829383848813,2360.7276083412858,2756.134726570617,231256.6562016116
West,m,85,2020-08-15,3281.2071306012763,3405.4297489667933,3810.166052213435,277809.69464440894
West,m,85,2020-09-15,3560.6192781067,3803.5761776459617,4218.139422986451,324462.3595380728
West,m,85,2020-10-15,3942.0920654601696,4297.975657944435,4720.7154410608855,371214.30267134024
West,m,85,2020-11-15,5215.329701213588,5573.354112299438,6008.613918678438,418065.30050762114
West,m,85,2020-12-15,8982.326191405771,9338.704097431877,9792.717781116358,465015.254184998
West,m,85,2021-01-15,12366.918924048057,12851.236478690182,13344.442108667517,512064.1895162263
West,m,85,2021-02-15,12706.86185788786,12992.756817913034,13719.256131414008,559212.256988734
West,m,85,2021-03-15,12706.86185788786,12766.105427179482,13744.774296115653,606459.7317646221
West,m,85,2021-04-15,12706.86185788786,12056.072624171089,13746.063378072908,653807.0136806644
West,t,0,2020-03-15,122.53121462117497,214.05899820299547,241.34223021869195,3705581.011291694
West,t,0,2020-04-15,423.5593948913155,502.03691015130596,572.3326995619274,7414063.894839438
West,t,0,2020-05-15,956.3187402316041,1101.6880082411253,1173.3721673732691,11125441.739565825
West,t,0,2020-06-15,1518.331511142797,1749.2424708178353,1826.6564746456675,14839709.750930585
West,t,0,2020-07-15,2672.2810732429193,2917.8640613130833,2995.2780651409157,18556865.250930585
West,t,0,2020-08-15,3684.4773169624445,3970.1615814154793,4047.5755852433117,22276907.384996694
West,t,0,2020-09-15,4265.54345452284,4610.531259305222,4687.945263133054,25999835.9495812
West,t,0,2020-10-15,4955.575615358487,5366.201663414812,5445.8523339118165,29725651.09905467
West,t,0,2020-11-15,5728.308930448866,6159.300031743225,6242.976650059887,33454353.345705967
West,t,0,2020-12-15,6820.096858431159,7284.4132496993525,7369.263961328232,37185943.559742235
West,t,0,2021-01-15,8277.355225492485,8790.248765871414,8875.099477500295,40920422.96928888
West,t,0,2021-02-15,8736.377068325863,9375.168398641563,9464.148058772462,44657793.160389625
West,t,0,2021-03-15,9479.095998248813,10158.791296501962,10250.943348807423,48398056.07700644
West,t,0,2021-04-15,9941.86466911386,10685.869479057455,10823.047167806686,52141214.02101961
West,t,40,2020-03-15,826.6624704074941,989.3430347264512,1003.329584035894,2034837.1268751072
West,t,40,2020-04-15,2055.4654794724947,2246.47274976886,2266.6777564413064,4070301.6925509307
West,t,40,2020-05-15,3379.535557418312,3639.6612199717792,3665.3881752413427,6106415.348282987
West,t,40,2020-06-15,4896.5612442868205,5246.407187367588,5274.835462823455,8143202.13125736
West,t,40,2020-07-15,8337.745773429775,8751.844050079759,8780.272325535625,10180688.464590698
West,t,40,2020-08-15,11626.005135006459,12063.556015580472,12091.984291036339,12218902.274082072
West,t,40,2020-09-15,13367.88819301811,13857.960015203567,13886.388290659434,14257869.455220375
West,t,40,2020-10-15,15229.825529776721,15754.623779525804,15783.05205498167,16297612.989936186
West,t,40,2020-11-15,17588.83356170638,18142.692242450827,18171.120517906693,18338152.946601763
West,t,40,2020-12-15,24100.856498008154,24664.419275865006,24692.847551320872,20379506.480031047
West,t,40,2021-01-15,32652.748494674768,33253.8414745389,33282.26974999477,22421687.83147965
West,t,40,2021-02-15,35411.194295484114,36183.58167679583,36218.44706895495,24464708.328644883
West,t,40,2021-03-15,37425.27839870683,38249.02606842971,38283.89146058882,26508576.385665715
West,t,40,2021-04-15,38514.85748675111,39339.958024818545,39399.14414912427,28553297.50312281
West,t,65,2020-03-15,699.2261705279636,802.8251210073112,842.1820655709721,611644.4065603097
West,t,65,2020-04-15,1585.0756507148053,1779.0585932716667,1891.0018755526203,1225353.412318095
West,t,65,2020-05-15,2512.7390181030037,2736.7741745051744,2876.0956019789865,1841120.3260843735
West,t,65,2020-06-15,3320.899754365435,3610.9598406966843,3817.5138557513633,2458935.20928275
West,t,65,2020-07-15,5750.3375322075735,6240.072332820293,6447.494218484302,3078784.8759494163
West,t,65,2020-08-15,8224.35012612846,8765.874691370766,8973.296577034775,3700652.7192103365
West,t,65,2020-09-15,9214.648810754323,9936.09036420116,10143.512249865169,4324518.017189987
West,t,65,2020-10-15,10592.500142572253,11383.0689993649,11590.490885028908,4950355.7594885435
West,t,65,2020-11-15,12688.790283301216,13593.326719866178,13800.748605530187,5578136.647181877
West,t,65,2020-12-15,19142.170295718086,20074.1793515687,20281.601237232706,6207827.092821557
West,t,65,2021-01-15,26881.37403030317,27839.70919325957,28047.13107892358,6839389.220434852
West,t,65,2021-02-15,29209.68516483949,30152.886075740913,30464.919627920397,7472780.865524725
West,t,65,2021-03-15,30283.430265153576,31365.13187681972,31707.89731813421,8107955.575069839
West,t,65,2021-04-15,30479.444922564187,31656.604118033138,32044.39314016935,8744862.607524555
West,t,75,2020-03-15,578.6526324941423,695.4130254076293,775.9369461467448,292176.56618214684
West,t,75,2020-04-15,1574.7855608115105,1691.2529170825983,1876.9702454057806,585336.0631675295
West,t,75,2020-05-15,2349.8939873023783,2464.39085845863,2712.587720672561,879476.8425690688
West,t,75,2020-06-15,3340.6116853753774,3423.8371468691503,3736.513423010847,1174597.6770648637
West,t,75,2020-07-15,5999.682621294609,6095.209590112003,6411.0707699519335,1470697.7603981916
West,t,75,2020-08-15,8518.992031916463,8643.324635836267,8962.744782121012,1767777.7200420042
West,t,75,2020-09-15,9334.478231796256,9667.425967684123,9996.725593275378,2065843.667856912
West,t,75,2020-10-15,10434.586867650252,10914.957242932926,11244.25686852418,2364908.2127556787
West,t,75,2020-11-15,13000.297492277958,13479.571159079545,13809.967493151886,2664990.460703223
West,t,75,2020-12-15,20477.705884595787,20995.744366087507,21326.14070015985,2966116.014716618
West,t,75,2021-01-15,28828.625689008168,29374.02839204315,29718.347206214024,3268316.974865091
West,t,75,2021-02-15,30320.300141761618,30520.332953794332,31213.524792778804,3571631.9382700226
West,t,75,2021-03-15,30968.953623713012,31331.37316799426,32151.264109815027,3876105.9991049487
West,t,75,2021-04-15,30968.953623713012,30778.240110741262,32239.91766327035,4181790.7485955595
West,t,85,2020-03-15,54.420249894059225,282.87495991147574,459.014073395023,131928.0936161875
West,t,85,2020-04-15,1408.4895621216035,1559.0308952626092,1874.4071555276591,264113.4321738434
West,t,85,2020-05-15,2498.829603681101,2574.84332232354,3019.015844300408,396556.25601898937
West,t,85,2020-06-15,3430.2460928665823,3390.4537432327775,3997.8473084979078,529255.9544330819
West,t,85,2020-07-15,6219.856712644025,6225.414322935869,6870.736628392098,662211.0656330123
West,t,85,2020-08-15,8774.083491045512,8844.953445802235,9499.305756609061,795419.4888014678
West,t,85,2020-09-15,9673.959164227439,10054.569696688728,10720.684120837717,928879.3322083781
West,t,85,2020-10-15,10561.37184465956,11221.170144693515,11887.284568842504,1062589.125241277
West,t,85,2020-11-15,13206.872577782478,13845.589939477692,14532.785301965421,1196547.818405302
West,t,85,2020-12-15,21311.508726036696,21936.48866822448,22665.10849859541,1330754.7833231946
West,t,85,2021-01-15,29174.822072403098,29796.237836234028,30591.59886880002,1465209.8127353003
West,t,85,2021-02-15,29659.889815019746,29496.132421079514,31076.666611416673,1599913.1204995683
West,t,85,2021-03-15,29659.889815019746,29031.046107765585,31076.666611416673,1734865.341591552
West,t,85,2021-04-15,29659.889815019746,27458.60632467649,31076.666611416673,1870067.5321044084
